customer_id,name,email,membership_age,revenue,Preferred_film_language,Preferred_film_category,city,preferred_film_year
1,MARY SMITH,MARY.SMITH@sakilacustomer.org,185,0.00,"English,Italian,Japanese,French","Action,Sports,Drama,Animation,Family",463,"00s,00s"
2,PATRICIA JOHNSON,PATRICIA.JOHNSON@sakilacustomer.org,185,0.00,English,"Action,Sports,Drama,Animation,Family",449,New
3,LINDA WILLIAMS,LINDA.WILLIAMS@sakilacustomer.org,185,0.00,English,"Action,Sports,Drama,Animation,Family",38,"00s,00s"
4,BARBARA JONES,BARBARA.JONES@sakilacustomer.org,185,0.00,English,"Sports,Animation,Documentary,Sci-Fi,Family",349,"00s,00s"
5,ELIZABETH BROWN,ELIZABETH.BROWN@sakilacustomer.org,185,0.00,English,"Action,Sports,Drama,Animation,Family",361,"00s,00s"
6,JENNIFER DAVIS,JENNIFER.DAVIS@sakilacustomer.org,185,0.00,English,"Sports,Animation,Documentary,Sci-Fi,Family",295,"00s,00s"
7,MARIA MILLER,MARIA.MILLER@sakilacustomer.org,185,0.00,English,"Action,Sports,Drama,Animation,Family",280,"00s,00s"
8,SUSAN WILSON,SUSAN.WILSON@sakilacustomer.org,185,0.00,English,"Sports,Animation,Documentary,Sci-Fi,Family",200,"00s,00s"
9,MARGARET MOORE,MARGARET.MOORE@sakilacustomer.org,185,0.00,English,"Sports,Animation,Documentary,Sci-Fi,Family",329,"00s,00s"
10,DOROTHY TAYLOR,DOROTHY.TAYLOR@sakilacustomer.org,185,0.00,English,"Action,Sports,Drama,Animation,Family",162,00s
11,LISA ANDERSON,LISA.ANDERSON@sakilacustomer.org,185,0.00,English,"Sports,Animation,Documentary,Sci-Fi,Family",440,"00s,00s"
12,NANCY THOMAS,NANCY.THOMAS@sakilacustomer.org,185,0.00,English,"Action,Sports,Drama,Animation,Family",582,"00s,00s"
14,BETTY WHITE,BETTY.WHITE@sakilacustomer.org,185,0.00,English,"Sports,Animation,Documentary,Sci-Fi,Family",120,"00s,00s"
16,SANDRA MARTIN,SANDRA.MARTIN@sakilacustomer.org,185,0.00,English,"Sports,Animation,Documentary,Sci-Fi,Family",495,"00s,00s"
17,DONNA THOMPSON,DONNA.THOMPSON@sakilacustomer.org,185,0.00,English,"Action,Sports,Drama,Animation,Family",156,"00s,00s"
18,CAROL GARCIA,CAROL.GARCIA@sakilacustomer.org,185,0.00,English,"Sports,Animation,Documentary,Sci-Fi,Family",252,"00s,00s"
19,RUTH MARTINEZ,RUTH.MARTINEZ@sakilacustomer.org,185,0.00,English,"Action,Sports,Drama,Animation,Family",267,"00s,00s"
20,SHARON ROBINSON,SHARON.ROBINSON@sakilacustomer.org,185,0.00,English,"Sports,Animation,Documentary,Sci-Fi,Family",327,"00s,00s"
21,MICHELLE CLARK,MICHELLE.CLARK@sakilacustomer.org,185,0.00,English,"Action,Sports,Drama,Animation,Family",525,"00s,00s"
22,LAURA RODRIGUEZ,LAURA.RODRIGUEZ@sakilacustomer.org,185,0.00,English,"Action,Sports,Drama,Animation,Family",443,"00s,00s"
23,SARAH LEWIS,SARAH.LEWIS@sakilacustomer.org,185,0.00,English,"Sports,Animation,Documentary,Sci-Fi,Family",303,"00s,00s"
24,KIMBERLY LEE,KIMBERLY.LEE@sakilacustomer.org,185,0.00,English,"Sports,Animation,Documentary,Sci-Fi,Family",128,"00s,00s"
25,DEBORAH WALKER,DEBORAH.WALKER@sakilacustomer.org,185,0.00,English,"Action,Sports,Drama,Animation,Family",472,"00s,00s"
26,JESSICA HALL,JESSICA.HALL@sakilacustomer.org,185,0.00,English,"Sports,Animation,Documentary,Sci-Fi,Family",121,"00s,00s"
27,SHIRLEY ALLEN,SHIRLEY.ALLEN@sakilacustomer.org,185,0.00,English,"Sports,Animation,Documentary,Sci-Fi,Family",138,"00s,00s"
28,CYNTHIA YOUNG,CYNTHIA.YOUNG@sakilacustomer.org,185,0.00,English,"Action,Sports,Drama,Animation,Family",346,"00s,00s"
29,ANGELA HERNANDEZ,ANGELA.HERNANDEZ@sakilacustomer.org,185,0.00,English,"Sports,Animation,Documentary,Sci-Fi,Family",474,00s
31,BRENDA WRIGHT,BRENDA.WRIGHT@sakilacustomer.org,185,0.00,English,"Sports,Animation,Documentary,Sci-Fi,Family",257,00s
32,AMY LOPEZ,AMY.LOPEZ@sakilacustomer.org,185,0.00,English,"Action,Sports,Drama,Animation,Family",239,"00s,00s"
33,ANNA HILL,ANNA.HILL@sakilacustomer.org,185,0.00,English,"Sports,Animation,Documentary,Sci-Fi,Family",17,"00s,00s"
35,VIRGINIA GREEN,VIRGINIA.GREEN@sakilacustomer.org,185,0.00,English,"Sports,Animation,Documentary,Sci-Fi,Family",544,"00s,00s"
36,KATHLEEN ADAMS,KATHLEEN.ADAMS@sakilacustomer.org,185,0.00,English,"Sports,Animation,Documentary,Sci-Fi,Family",31,"00s,00s"
37,PAMELA BAKER,PAMELA.BAKER@sakilacustomer.org,185,0.00,English,"Action,Sports,Drama,Animation,Family",362,"00s,00s"
38,MARTHA GONZALEZ,MARTHA.GONZALEZ@sakilacustomer.org,185,0.00,English,"Action,Sports,Drama,Animation,Family",115,00s
39,DEBRA NELSON,DEBRA.NELSON@sakilacustomer.org,185,0.00,English,"Action,Sports,Drama,Animation,Family",569,00s
40,AMANDA CARTER,AMANDA.CARTER@sakilacustomer.org,185,0.00,English,"Sports,Animation,Documentary,Sci-Fi,Family",353,00s
42,CAROLYN PEREZ,CAROLYN.PEREZ@sakilacustomer.org,185,0.00,English,"Sports,Animation,Documentary,Sci-Fi,Family",394,"00s,00s"
43,CHRISTINE ROBERTS,CHRISTINE.ROBERTS@sakilacustomer.org,185,0.00,English,"Sports,Animation,Documentary,Sci-Fi,Family",167,"00s,00s"
44,MARIE TURNER,MARIE.TURNER@sakilacustomer.org,185,0.00,English,"Action,Sports,Drama,Animation,Family",308,"00s,00s"
45,JANET PHILLIPS,JANET.PHILLIPS@sakilacustomer.org,185,107.78,English,"Action,Sports,Drama,Animation,Family",27,90s
46,CATHERINE CAMPBELL,CATHERINE.CAMPBELL@sakilacustomer.org,185,142.65999999999997,English,"Sports,Animation,Documentary,Sci-Fi,Family",343,"00s,00s"
47,FRANCES PARKER,FRANCES.PARKER@sakilacustomer.org,185,108.77999999999999,English,"Action,Sports,Drama,Animation,Family",247,"00s,00s"
48,ANN EVANS,ANN.EVANS@sakilacustomer.org,185,76.83000000000001,English,"Action,Sports,Drama,Animation,Family",367,"00s,00s"
49,JOYCE EDWARDS,JOYCE.EDWARDS@sakilacustomer.org,185,130.71999999999997,English,"Sports,Animation,Documentary,Sci-Fi,Family",237,"00s,00s"
50,DIANE COLLINS,DIANE.COLLINS@sakilacustomer.org,185,169.65,English,"Action,Sports,Drama,Animation,Family",379,"00s,00s"
51,ALICE STEWART,ALICE.STEWART@sakilacustomer.org,185,138.67,English,"Action,Sports,Drama,Animation,Family",171,"00s,00s"
52,JULIE SANCHEZ,JULIE.SANCHEZ@sakilacustomer.org,185,107.71,English,"Action,Sports,Drama,Animation,Family",1,"00s,00s"
53,HEATHER MORRIS,HEATHER.MORRIS@sakilacustomer.org,185,115.69999999999999,English,"Action,Sports,Drama,Animation,Family",355,"00s,00s"
54,TERESA ROGERS,TERESA.ROGERS@sakilacustomer.org,185,257.42000000000013,"English,Italian","Action,Sports,Drama,Animation,Family",227,"00s,00s"
55,DORIS REED,DORIS.REED@sakilacustomer.org,185,100.78,English,"Sports,Animation,Documentary,Sci-Fi,Family",49,"00s,00s"
56,GLORIA COOK,GLORIA.COOK@sakilacustomer.org,185,135.7,English,"Action,Sports,Drama,Animation,Family",397,"00s,00s"
57,EVELYN MORGAN,EVELYN.MORGAN@sakilacustomer.org,185,114.71999999999998,English,"Sports,Animation,Documentary,Sci-Fi,Family",560,"00s,00s"
58,JEAN BELL,JEAN.BELL@sakilacustomer.org,185,115.72999999999999,English,"Action,Sports,Drama,Animation,Family",282,"00s,00s"
59,CHERYL MURPHY,CHERYL.MURPHY@sakilacustomer.org,185,133.72999999999996,English,"Action,Sports,Drama,Animation,Family",350,"00s,00s"
60,MILDRED BAILEY,MILDRED.BAILEY@sakilacustomer.org,185,98.75,English,"Action,Sports,Drama,Animation,Family",231,"00s,00s"
61,KATHERINE RIVERA,KATHERINE.RIVERA@sakilacustomer.org,185,58.86000000000001,English,"Sports,Animation,Documentary,Sci-Fi,Family",56,00s
62,JOAN COOPER,JOAN.COOPER@sakilacustomer.org,185,84.77000000000001,English,"Action,Sports,Drama,Animation,Family",441,"00s,00s"
64,JUDITH COX,JUDITH.COX@sakilacustomer.org,185,100.66999999999999,English,"Sports,Animation,Documentary,Sci-Fi,Family",139,"00s,00s"
65,ROSE HOWARD,ROSE.HOWARD@sakilacustomer.org,185,103.77999999999999,English,"Sports,Animation,Documentary,Sci-Fi,Family",105,"00s,00s"
66,JANICE WARD,JANICE.WARD@sakilacustomer.org,185,89.8,English,"Sports,Animation,Documentary,Sci-Fi,Family",321,"00s,00s"
67,KELLY TORRES,KELLY.TORRES@sakilacustomer.org,185,0.00,English,"Action,Sports,Drama,Animation,Family",579,"00s,00s"
69,JUDY GRAY,JUDY.GRAY@sakilacustomer.org,185,0.00,English,"Sports,Animation,Documentary,Sci-Fi,Family",63,"00s,00s"
70,CHRISTINA RAMIREZ,CHRISTINA.RAMIREZ@sakilacustomer.org,185,0.00,English,"Sports,Animation,Documentary,Sci-Fi,Family",13,00s
71,KATHY JAMES,KATHY.JAMES@sakilacustomer.org,185,0.00,English,"Action,Sports,Drama,Animation,Family",61,"00s,00s"
72,THERESA WATSON,THERESA.WATSON@sakilacustomer.org,185,0.00,English,"Sports,Animation,Documentary,Sci-Fi,Family",517,"00s,00s"
73,BEVERLY BROOKS,BEVERLY.BROOKS@sakilacustomer.org,185,0.00,English,"Sports,Animation,Documentary,Sci-Fi,Family",114,"00s,00s"
74,DENISE KELLY,DENISE.KELLY@sakilacustomer.org,185,0.00,English,"Action,Sports,Drama,Animation,Family",431,00s
75,TAMMY SANDERS,TAMMY.SANDERS@sakilacustomer.org,185,0.00,English,"Sports,Animation,Documentary,Sci-Fi,Family",108,"00s,00s"
76,IRENE PRICE,IRENE.PRICE@sakilacustomer.org,185,0.00,English,"Sports,Animation,Documentary,Sci-Fi,Family",402,"00s,00s"
77,JANE BENNETT,JANE.BENNETT@sakilacustomer.org,185,0.00,English,"Sports,Animation,Documentary,Sci-Fi,Family",30,"00s,00s"
79,RACHEL BARNES,RACHEL.BARNES@sakilacustomer.org,185,0.00,English,"Action,Sports,Drama,Animation,Family",256,"00s,00s"
81,ANDREA HENDERSON,ANDREA.HENDERSON@sakilacustomer.org,185,0.00,English,"Action,Sports,Drama,Animation,Family",319,00s
82,KATHRYN COLEMAN,KATHRYN.COLEMAN@sakilacustomer.org,185,0.00,English,"Action,Sports,Drama,Animation,Family",479,"00s,00s"
83,LOUISE JENKINS,LOUISE.JENKINS@sakilacustomer.org,185,0.00,English,"Action,Sports,Drama,Animation,Family",497,"00s,00s"
84,SARA PERRY,SARA.PERRY@sakilacustomer.org,185,0.00,English,"Sports,Animation,Documentary,Sci-Fi,Family",40,"00s,00s"
85,ANNE POWELL,ANNE.POWELL@sakilacustomer.org,185,0.00,English,"Sports,Animation,Documentary,Sci-Fi,Family",88,"00s,00s"
86,JACQUELINE LONG,JACQUELINE.LONG@sakilacustomer.org,185,0.00,English,"Sports,Animation,Documentary,Sci-Fi,Family",489,"00s,00s"
87,WANDA PATTERSON,WANDA.PATTERSON@sakilacustomer.org,185,0.00,English,"Action,Sports,Drama,Animation,Family",480,"00s,00s"
88,BONNIE HUGHES,BONNIE.HUGHES@sakilacustomer.org,185,0.00,English,"Sports,Animation,Documentary,Sci-Fi,Family",113,"00s,00s"
89,JULIA FLORES,JULIA.FLORES@sakilacustomer.org,185,0.00,English,"Action,Sports,Drama,Animation,Family",289,"00s,00s"
91,LOIS BUTLER,LOIS.BUTLER@sakilacustomer.org,185,0.00,English,"Sports,Animation,Documentary,Sci-Fi,Family",53,"00s,00s"
92,TINA SIMMONS,TINA.SIMMONS@sakilacustomer.org,185,0.00,English,"Sports,Animation,Documentary,Sci-Fi,Family",183,"00s,00s"
93,PHYLLIS FOSTER,PHYLLIS.FOSTER@sakilacustomer.org,185,0.00,English,"Action,Sports,Drama,Animation,Family",592,"00s,00s"
94,NORMA GONZALES,NORMA.GONZALES@sakilacustomer.org,185,0.00,English,"Action,Sports,Drama,Animation,Family",82,"00s,00s"
95,PAULA BRYANT,PAULA.BRYANT@sakilacustomer.org,185,0.00,English,"Sports,Animation,Documentary,Sci-Fi,Family",399,"00s,00s"
96,DIANA ALEXANDER,DIANA.ALEXANDER@sakilacustomer.org,185,0.00,English,"Action,Sports,Drama,Animation,Family",41,"00s,00s"
98,LILLIAN GRIFFIN,LILLIAN.GRIFFIN@sakilacustomer.org,185,0.00,English,"Action,Sports,Drama,Animation,Family",12,"00s,00s"
99,EMILY DIAZ,EMILY.DIAZ@sakilacustomer.org,185,0.00,English,"Sports,Animation,Documentary,Sci-Fi,Family",268,00s
100,ROBIN HAYES,ROBIN.HAYES@sakilacustomer.org,185,0.00,English,"Action,Sports,Drama,Animation,Family",238,"00s,00s"
101,PEGGY MYERS,PEGGY.MYERS@sakilacustomer.org,185,0.00,English,"Action,Sports,Drama,Animation,Family",2,00s
102,CRYSTAL FORD,CRYSTAL.FORD@sakilacustomer.org,185,0.00,English,"Action,Sports,Drama,Animation,Family",34,"00s,00s"
103,GLADYS HAMILTON,GLADYS.HAMILTON@sakilacustomer.org,185,0.00,English,"Action,Sports,Drama,Animation,Family",220,"00s,00s"
104,RITA GRAHAM,RITA.GRAHAM@sakilacustomer.org,185,0.00,English,"Action,Sports,Drama,Animation,Family",543,"00s,00s"
105,DAWN SULLIVAN,DAWN.SULLIVAN@sakilacustomer.org,185,0.00,English,"Action,Sports,Drama,Animation,Family",173,"00s,00s"
106,CONNIE WALLACE,CONNIE.WALLACE@sakilacustomer.org,185,0.00,English,"Action,Sports,Drama,Animation,Family",225,"00s,00s"
107,FLORENCE WOODS,FLORENCE.WOODS@sakilacustomer.org,185,0.00,English,"Action,Sports,Drama,Animation,Family",334,"00s,00s"
108,TRACY COLE,TRACY.COLE@sakilacustomer.org,185,0.00,English,"Action,Sports,Drama,Animation,Family",213,"00s,00s"
109,EDNA WEST,EDNA.WEST@sakilacustomer.org,185,0.00,English,"Sports,Animation,Documentary,Sci-Fi,Family",273,"00s,00s"
110,TIFFANY JORDAN,TIFFANY.JORDAN@sakilacustomer.org,185,0.00,English,"Sports,Animation,Documentary,Sci-Fi,Family",159,"00s,00s"
111,CARMEN OWENS,CARMEN.OWENS@sakilacustomer.org,185,0.00,English,"Action,Sports,Drama,Animation,Family",102,"00s,00s"
112,ROSA REYNOLDS,ROSA.REYNOLDS@sakilacustomer.org,185,0.00,"English,Italian","Sports,Animation,Documentary,Sci-Fi,Family",292,"00s,00s"
113,CINDY FISHER,CINDY.FISHER@sakilacustomer.org,185,0.00,English,"Sports,Animation,Documentary,Sci-Fi,Family",132,"00s,00s"
114,GRACE ELLIS,GRACE.ELLIS@sakilacustomer.org,185,0.00,English,"Sports,Animation,Documentary,Sci-Fi,Family",148,"00s,00s"
115,WENDY HARRISON,WENDY.HARRISON@sakilacustomer.org,185,0.00,English,"Action,Sports,Drama,Animation,Family",365,"00s,00s"
116,VICTORIA GIBSON,VICTORIA.GIBSON@sakilacustomer.org,185,0.00,English,"Action,Sports,Drama,Animation,Family",403,"00s,00s"
117,EDITH MCDONALD,EDITH.MCDONALD@sakilacustomer.org,185,0.00,English,"Action,Sports,Drama,Animation,Family",176,"00s,00s"
118,KIM CRUZ,KIM.CRUZ@sakilacustomer.org,185,0.00,English,"Action,Sports,Drama,Animation,Family",185,"00s,00s"
119,SHERRY MARSHALL,SHERRY.MARSHALL@sakilacustomer.org,185,0.00,English,"Action,Sports,Drama,Animation,Family",476,"00s,00s"
120,SYLVIA ORTIZ,SYLVIA.ORTIZ@sakilacustomer.org,185,0.00,English,"Sports,Animation,Documentary,Sci-Fi,Family",147,"00s,00s"
121,JOSEPHINE GOMEZ,JOSEPHINE.GOMEZ@sakilacustomer.org,185,0.00,English,"Action,Sports,Drama,Animation,Family",164,"00s,00s"
122,THELMA MURRAY,THELMA.MURRAY@sakilacustomer.org,185,0.00,English,"Action,Sports,Drama,Animation,Family",305,"00s,00s"
123,SHANNON FREEMAN,SHANNON.FREEMAN@sakilacustomer.org,185,0.00,English,"Sports,Animation,Documentary,Sci-Fi,Family",566,"00s,00s"
124,SHEILA WELLS,SHEILA.WELLS@sakilacustomer.org,185,0.00,English,"Action,Sports,Drama,Animation,Family",281,"00s,00s"
125,ETHEL WEBB,ETHEL.WEBB@sakilacustomer.org,185,0.00,English,"Action,Sports,Drama,Animation,Family",85,"00s,00s"
126,ELLEN SIMPSON,ELLEN.SIMPSON@sakilacustomer.org,185,0.00,English,"Action,Sports,Drama,Animation,Family",410,"00s,00s"
127,ELAINE STEVENS,ELAINE.STEVENS@sakilacustomer.org,185,0.00,English,"Sports,Animation,Documentary,Sci-Fi,Family",484,"00s,00s"
128,MARJORIE TUCKER,MARJORIE.TUCKER@sakilacustomer.org,185,0.00,English,"Action,Sports,Drama,Animation,Family",236,"00s,00s"
129,CARRIE PORTER,CARRIE.PORTER@sakilacustomer.org,185,0.00,English,"Action,Sports,Drama,Animation,Family",302,00s
130,CHARLOTTE HUNTER,CHARLOTTE.HUNTER@sakilacustomer.org,185,0.00,English,"Action,Sports,Drama,Animation,Family",190,"00s,00s"
131,MONICA HICKS,MONICA.HICKS@sakilacustomer.org,185,0.00,English,"Sports,Animation,Documentary,Sci-Fi,Family",345,"00s,00s"
133,PAULINE HENRY,PAULINE.HENRY@sakilacustomer.org,185,0.00,English,"Action,Sports,Drama,Animation,Family",541,"00s,00s"
134,EMMA BOYD,EMMA.BOYD@sakilacustomer.org,185,0.00,English,"Action,Sports,Drama,Animation,Family",421,"00s,00s"
135,JUANITA MASON,JUANITA.MASON@sakilacustomer.org,185,0.00,"English,Italian","Sports,Animation,Documentary,Sci-Fi,Family",417,"00s,00s"
136,ANITA MORALES,ANITA.MORALES@sakilacustomer.org,185,0.00,English,"Sports,Animation,Documentary,Sci-Fi,Family",211,00s
137,RHONDA KENNEDY,RHONDA.KENNEDY@sakilacustomer.org,185,0.00,English,"Sports,Animation,Documentary,Sci-Fi,Family",29,00s
138,HAZEL WARREN,HAZEL.WARREN@sakilacustomer.org,185,0.00,English,"Action,Sports,Drama,Animation,Family",207,"00s,00s"
139,AMBER DIXON,AMBER.DIXON@sakilacustomer.org,185,0.00,English,"Action,Sports,Drama,Animation,Family",542,"00s,00s"
140,EVA RAMOS,EVA.RAMOS@sakilacustomer.org,185,0.00,English,"Action,Sports,Drama,Animation,Family",123,"00s,00s"
141,DEBBIE REYES,DEBBIE.REYES@sakilacustomer.org,185,0.00,English,"Action,Sports,Drama,Animation,Family",172,"00s,00s"
142,APRIL BURNS,APRIL.BURNS@sakilacustomer.org,185,0.00,English,"Action,Sports,Drama,Animation,Family",149,"00s,00s"
143,LESLIE GORDON,LESLIE.GORDON@sakilacustomer.org,185,0.00,English,"Action,Sports,Drama,Animation,Family",266,"00s,00s"
144,CLARA SHAW,CLARA.SHAW@sakilacustomer.org,185,0.00,English,"Action,Sports,Drama,Animation,Family",340,"00s,00s"
145,LUCILLE HOLMES,LUCILLE.HOLMES@sakilacustomer.org,185,0.00,English,"Action,Sports,Drama,Animation,Family",491,00s
146,JAMIE RICE,JAMIE.RICE@sakilacustomer.org,185,0.00,English,"Action,Sports,Drama,Animation,Family",499,"00s,00s"
147,JOANNE ROBERTSON,JOANNE.ROBERTSON@sakilacustomer.org,185,0.00,English,"Sports,Animation,Documentary,Sci-Fi,Family",555,"00s,00s"
148,ELEANOR HUNT,ELEANOR.HUNT@sakilacustomer.org,185,0.00,English,"Action,Sports,Drama,Animation,Family",442,"00s,00s"
149,VALERIE BLACK,VALERIE.BLACK@sakilacustomer.org,185,0.00,English,"Action,Sports,Drama,Animation,Family",94,"00s,00s"
150,DANIELLE DANIELS,DANIELLE.DANIELS@sakilacustomer.org,185,0.00,English,"Sports,Animation,Documentary,Sci-Fi,Family",202,"00s,00s"
151,MEGAN PALMER,MEGAN.PALMER@sakilacustomer.org,185,0.00,English,"Sports,Animation,Documentary,Sci-Fi,Family",291,"00s,00s"
152,ALICIA MILLS,ALICIA.MILLS@sakilacustomer.org,185,0.00,English,"Action,Sports,Drama,Animation,Family",354,"00s,00s"
154,MICHELE GRANT,MICHELE.GRANT@sakilacustomer.org,185,0.00,English,"Sports,Animation,Documentary,Sci-Fi,Family",590,"00s,00s"
155,GAIL KNIGHT,GAIL.KNIGHT@sakilacustomer.org,185,0.00,English,"Action,Sports,Drama,Animation,Family",72,"00s,00s"
156,BERTHA FERGUSON,BERTHA.FERGUSON@sakilacustomer.org,185,0.00,English,"Action,Sports,Drama,Animation,Family",381,"00s,00s"
157,DARLENE ROSE,DARLENE.ROSE@sakilacustomer.org,185,0.00,English,"Sports,Animation,Documentary,Sci-Fi,Family",420,"00s,00s"
158,VERONICA STONE,VERONICA.STONE@sakilacustomer.org,185,0.00,English,"Action,Sports,Drama,Animation,Family",187,"00s,00s"
159,JILL HAWKINS,JILL.HAWKINS@sakilacustomer.org,185,0.00,English,"Action,Sports,Drama,Animation,Family",307,"00s,00s"
161,GERALDINE PERKINS,GERALDINE.PERKINS@sakilacustomer.org,185,0.00,English,"Action,Sports,Drama,Animation,Family",533,"00s,00s"
162,LAUREN HUDSON,LAUREN.HUDSON@sakilacustomer.org,185,0.00,English,"Sports,Animation,Documentary,Sci-Fi,Family",297,"00s,00s"
163,CATHY SPENCER,CATHY.SPENCER@sakilacustomer.org,185,0.00,English,"Action,Sports,Drama,Animation,Family",253,00s
164,JOANN GARDNER,JOANN.GARDNER@sakilacustomer.org,185,0.00,English,"Sports,Animation,Documentary,Sci-Fi,Family",529,"00s,00s"
165,LORRAINE STEPHENS,LORRAINE.STEPHENS@sakilacustomer.org,185,0.00,English,"Sports,Animation,Documentary,Sci-Fi,Family",199,00s
166,LYNN PAYNE,LYNN.PAYNE@sakilacustomer.org,185,0.00,English,"Action,Sports,Drama,Animation,Family",304,"00s,00s"
167,SALLY PIERCE,SALLY.PIERCE@sakilacustomer.org,185,0.00,English,"Sports,Animation,Documentary,Sci-Fi,Family",107,"00s,00s"
168,REGINA BERRY,REGINA.BERRY@sakilacustomer.org,185,0.00,English,"Action,Sports,Drama,Animation,Family",240,"00s,00s"
169,ERICA MATTHEWS,ERICA.MATTHEWS@sakilacustomer.org,185,0.00,English,"Sports,Animation,Documentary,Sci-Fi,Family",407,"00s,00s"
170,BEATRICE ARNOLD,BEATRICE.ARNOLD@sakilacustomer.org,185,0.00,English,"Action,Sports,Drama,Animation,Family",550,"00s,00s"
171,DOLORES WAGNER,DOLORES.WAGNER@sakilacustomer.org,185,0.00,English,"Sports,Animation,Documentary,Sci-Fi,Family",223,"00s,00s"
172,BERNICE WILLIS,BERNICE.WILLIS@sakilacustomer.org,185,0.00,English,"Action,Sports,Drama,Animation,Family",58,"00s,00s"
173,AUDREY RAY,AUDREY.RAY@sakilacustomer.org,185,0.00,English,"Action,Sports,Drama,Animation,Family",186,"00s,00s"
174,YVONNE WATKINS,YVONNE.WATKINS@sakilacustomer.org,185,0.00,English,"Sports,Animation,Documentary,Sci-Fi,Family",373,"00s,00s"
175,ANNETTE OLSON,ANNETTE.OLSON@sakilacustomer.org,185,0.00,English,"Action,Sports,Drama,Animation,Family",18,00s
176,JUNE CARROLL,JUNE.CARROLL@sakilacustomer.org,185,0.00,English,"Action,Sports,Drama,Animation,Family",483,"00s,00s"
177,SAMANTHA DUNCAN,SAMANTHA.DUNCAN@sakilacustomer.org,185,0.00,English,"Sports,Animation,Documentary,Sci-Fi,Family",330,"00s,00s"
178,MARION SNYDER,MARION.SNYDER@sakilacustomer.org,185,0.00,English,"Sports,Animation,Documentary,Sci-Fi,Family",456,"00s,00s"
179,DANA HART,DANA.HART@sakilacustomer.org,185,0.00,English,"Action,Sports,Drama,Animation,Family",270,"00s,00s"
180,STACY CUNNINGHAM,STACY.CUNNINGHAM@sakilacustomer.org,185,0.00,English,"Sports,Animation,Documentary,Sci-Fi,Family",405,00s
181,ANA BRADLEY,ANA.BRADLEY@sakilacustomer.org,185,0.00,English,"Sports,Animation,Documentary,Sci-Fi,Family",333,"00s,00s"
182,RENEE LANE,RENEE.LANE@sakilacustomer.org,185,0.00,English,"Action,Sports,Drama,Animation,Family",126,"00s,00s"
183,IDA ANDREWS,IDA.ANDREWS@sakilacustomer.org,185,0.00,English,"Sports,Animation,Documentary,Sci-Fi,Family",317,"00s,00s"
184,VIVIAN RUIZ,VIVIAN.RUIZ@sakilacustomer.org,185,0.00,English,"Action,Sports,Drama,Animation,Family",438,"00s,00s"
185,ROBERTA HARPER,ROBERTA.HARPER@sakilacustomer.org,185,0.00,English,"Action,Sports,Drama,Animation,Family",467,"00s,00s"
186,HOLLY FOX,HOLLY.FOX@sakilacustomer.org,185,0.00,English,"Sports,Animation,Documentary,Sci-Fi,Family",195,"00s,00s"
187,BRITTANY RILEY,BRITTANY.RILEY@sakilacustomer.org,185,0.00,English,"Sports,Animation,Documentary,Sci-Fi,Family",506,"00s,00s"
188,MELANIE ARMSTRONG,MELANIE.ARMSTRONG@sakilacustomer.org,185,0.00,English,"Action,Sports,Drama,Animation,Family",62,00s
189,LORETTA CARPENTER,LORETTA.CARPENTER@sakilacustomer.org,185,0.00,English,"Action,Sports,Drama,Animation,Family",383,"00s,00s"
190,YOLANDA WEAVER,YOLANDA.WEAVER@sakilacustomer.org,185,0.00,English,"Sports,Animation,Documentary,Sci-Fi,Family",513,"00s,00s"
191,JEANETTE GREENE,JEANETTE.GREENE@sakilacustomer.org,185,0.00,English,"Action,Sports,Drama,Animation,Family",369,"00s,00s"
192,LAURIE LAWRENCE,LAURIE.LAWRENCE@sakilacustomer.org,185,0.00,English,"Action,Sports,Drama,Animation,Family",169,00s
193,KATIE ELLIOTT,KATIE.ELLIOTT@sakilacustomer.org,185,0.00,English,"Sports,Animation,Documentary,Sci-Fi,Family",271,"00s,00s"
194,KRISTEN CHAVEZ,KRISTEN.CHAVEZ@sakilacustomer.org,185,0.00,English,"Sports,Animation,Documentary,Sci-Fi,Family",204,"00s,00s"
196,ALMA AUSTIN,ALMA.AUSTIN@sakilacustomer.org,185,0.00,English,"Action,Sports,Drama,Animation,Family",325,"00s,00s"
197,SUE PETERS,SUE.PETERS@sakilacustomer.org,185,0.00,English,"Sports,Animation,Documentary,Sci-Fi,Family",109,"00s,00s"
198,ELSIE KELLEY,ELSIE.KELLEY@sakilacustomer.org,185,0.00,English,"Sports,Animation,Documentary,Sci-Fi,Family",218,"00s,00s"
199,BETH FRANKLIN,BETH.FRANKLIN@sakilacustomer.org,185,0.00,English,"Sports,Animation,Documentary,Sci-Fi,Family",194,"00s,00s"
200,JEANNE LAWSON,JEANNE.LAWSON@sakilacustomer.org,185,0.00,English,"Sports,Animation,Documentary,Sci-Fi,Family",35,"00s,00s"
201,VICKI FIELDS,VICKI.FIELDS@sakilacustomer.org,185,0.00,English,"Action,Sports,Drama,Animation,Family",575,"00s,00s"
202,CARLA GUTIERREZ,CARLA.GUTIERREZ@sakilacustomer.org,185,0.00,English,"Sports,Animation,Documentary,Sci-Fi,Family",77,"00s,00s"
203,TARA RYAN,TARA.RYAN@sakilacustomer.org,185,0.00,English,"Action,Sports,Drama,Animation,Family",184,"00s,00s"
204,ROSEMARY SCHMIDT,ROSEMARY.SCHMIDT@sakilacustomer.org,185,0.00,English,"Action,Sports,Drama,Animation,Family",557,"00s,00s"
205,EILEEN CARR,EILEEN.CARR@sakilacustomer.org,185,0.00,English,"Sports,Animation,Documentary,Sci-Fi,Family",122,"00s,00s"
207,GERTRUDE CASTILLO,GERTRUDE.CASTILLO@sakilacustomer.org,185,0.00,English,"Action,Sports,Drama,Animation,Family",371,"00s,00s"
208,LUCY WHEELER,LUCY.WHEELER@sakilacustomer.org,185,0.00,English,"Action,Sports,Drama,Animation,Family",51,00s
209,TONYA CHAPMAN,TONYA.CHAPMAN@sakilacustomer.org,185,0.00,English,"Sports,Animation,Documentary,Sci-Fi,Family",74,"00s,00s"
210,ELLA OLIVER,ELLA.OLIVER@sakilacustomer.org,185,0.00,English,"Sports,Animation,Documentary,Sci-Fi,Family",7,"00s,00s"
211,STACEY MONTGOMERY,STACEY.MONTGOMERY@sakilacustomer.org,185,0.00,English,"Action,Sports,Drama,Animation,Family",174,00s
212,WILMA RICHARDS,WILMA.RICHARDS@sakilacustomer.org,185,0.00,English,"Sports,Animation,Documentary,Sci-Fi,Family",65,"00s,00s"
213,GINA WILLIAMSON,GINA.WILLIAMSON@sakilacustomer.org,185,0.00,English,"Action,Sports,Drama,Animation,Family",518,"00s,00s"
214,KRISTIN JOHNSTON,KRISTIN.JOHNSTON@sakilacustomer.org,185,0.00,English,"Action,Sports,Drama,Animation,Family",508,"00s,00s"
215,JESSIE BANKS,JESSIE.BANKS@sakilacustomer.org,185,0.00,English,"Sports,Animation,Documentary,Sci-Fi,Family",498,"00s,00s"
216,NATALIE MEYER,NATALIE.MEYER@sakilacustomer.org,185,0.00,English,"Action,Sports,Drama,Animation,Family",28,"00s,00s"
217,AGNES BISHOP,AGNES.BISHOP@sakilacustomer.org,185,0.00,English,"Sports,Animation,Documentary,Sci-Fi,Family",448,"00s,00s"
218,VERA MCCOY,VERA.MCCOY@sakilacustomer.org,185,0.00,English,"Action,Sports,Drama,Animation,Family",251,00s
219,WILLIE HOWELL,WILLIE.HOWELL@sakilacustomer.org,185,0.00,Italian,"Sports,Animation,Documentary,Sci-Fi,Family",567,00s
220,CHARLENE ALVAREZ,CHARLENE.ALVAREZ@sakilacustomer.org,185,0.00,English,"Sports,Animation,Documentary,Sci-Fi,Family",593,"00s,00s"
221,BESSIE MORRISON,BESSIE.MORRISON@sakilacustomer.org,185,0.00,English,"Action,Sports,Drama,Animation,Family",511,"00s,00s"
222,DELORES HANSEN,DELORES.HANSEN@sakilacustomer.org,185,0.00,English,"Sports,Animation,Documentary,Sci-Fi,Family",235,"00s,00s"
223,MELINDA FERNANDEZ,MELINDA.FERNANDEZ@sakilacustomer.org,185,0.00,English,"Action,Sports,Drama,Animation,Family",324,00s
224,PEARL GARZA,PEARL.GARZA@sakilacustomer.org,185,0.00,English,"Sports,Animation,Documentary,Sci-Fi,Family",243,00s
225,ARLENE HARVEY,ARLENE.HARVEY@sakilacustomer.org,185,0.00,English,"Action,Sports,Drama,Animation,Family",22,"00s,00s"
227,COLLEEN BURTON,COLLEEN.BURTON@sakilacustomer.org,185,0.00,English,"Action,Sports,Drama,Animation,Family",439,"00s,00s"
228,ALLISON STANLEY,ALLISON.STANLEY@sakilacustomer.org,185,0.00,English,"Sports,Animation,Documentary,Sci-Fi,Family",406,"00s,00s"
230,JOY GEORGE,JOY.GEORGE@sakilacustomer.org,185,0.00,English,"Sports,Animation,Documentary,Sci-Fi,Family",86,"00s,00s"
231,GEORGIA JACOBS,GEORGIA.JACOBS@sakilacustomer.org,185,0.00,English,"Action,Sports,Drama,Animation,Family",559,"00s,00s"
232,CONSTANCE REID,CONSTANCE.REID@sakilacustomer.org,185,0.00,English,"Sports,Animation,Documentary,Sci-Fi,Family",596,"00s,00s"
234,CLAUDIA FULLER,CLAUDIA.FULLER@sakilacustomer.org,185,0.00,English,"Action,Sports,Drama,Animation,Family",233,"00s,00s"
235,JACKIE LYNCH,JACKIE.LYNCH@sakilacustomer.org,185,0.00,English,"Action,Sports,Drama,Animation,Family",96,"00s,00s"
236,MARCIA DEAN,MARCIA.DEAN@sakilacustomer.org,185,0.00,English,"Action,Sports,Drama,Animation,Family",527,"00s,00s"
237,TANYA GILBERT,TANYA.GILBERT@sakilacustomer.org,185,0.00,English,"Action,Sports,Drama,Animation,Family",357,"00s,00s"
238,NELLIE GARRETT,NELLIE.GARRETT@sakilacustomer.org,185,0.00,English,"Action,Sports,Drama,Animation,Family",473,"00s,00s"
239,MINNIE ROMERO,MINNIE.ROMERO@sakilacustomer.org,185,0.00,English,"Sports,Animation,Documentary,Sci-Fi,Family",118,"00s,00s"
240,MARLENE WELCH,MARLENE.WELCH@sakilacustomer.org,185,0.00,English,"Action,Sports,Drama,Animation,Family",226,"00s,00s"
241,HEIDI LARSON,HEIDI.LARSON@sakilacustomer.org,185,0.00,English,"Sports,Animation,Documentary,Sci-Fi,Family",578,"00s,00s"
242,GLENDA FRAZIER,GLENDA.FRAZIER@sakilacustomer.org,185,0.00,English,"Action,Sports,Drama,Animation,Family",422,"00s,00s"
243,LYDIA BURKE,LYDIA.BURKE@sakilacustomer.org,185,0.00,English,"Action,Sports,Drama,Animation,Family",454,"00s,00s"
244,VIOLA HANSON,VIOLA.HANSON@sakilacustomer.org,185,0.00,English,"Sports,Animation,Documentary,Sci-Fi,Family",294,"00s,00s"
245,COURTNEY DAY,COURTNEY.DAY@sakilacustomer.org,185,0.00,English,"Action,Sports,Drama,Animation,Family",553,"00s,00s"
246,MARIAN MENDOZA,MARIAN.MENDOZA@sakilacustomer.org,185,0.00,English,"Action,Sports,Drama,Animation,Family",328,"00s,00s"
247,STELLA MORENO,STELLA.MORENO@sakilacustomer.org,185,0.00,English,"Action,Sports,Drama,Animation,Family",124,"00s,00s"
248,CAROLINE BOWMAN,CAROLINE.BOWMAN@sakilacustomer.org,185,0.00,English,"Action,Sports,Drama,Animation,Family",520,"00s,00s"
249,DORA MEDINA,DORA.MEDINA@sakilacustomer.org,185,0.00,English,"Sports,Animation,Documentary,Sci-Fi,Family",535,"00s,00s"
250,JO FOWLER,JO.FOWLER@sakilacustomer.org,185,0.00,English,"Sports,Animation,Documentary,Sci-Fi,Family",390,"00s,00s"
251,VICKIE BREWER,VICKIE.BREWER@sakilacustomer.org,185,0.00,English,"Sports,Animation,Documentary,Sci-Fi,Family",198,"00s,00s"
252,MATTIE HOFFMAN,MATTIE.HOFFMAN@sakilacustomer.org,185,0.00,English,"Sports,Animation,Documentary,Sci-Fi,Family",312,"00s,00s"
253,TERRY CARLSON,TERRY.CARLSON@sakilacustomer.org,185,0.00,English,"Action,Sports,Drama,Animation,Family",338,"00s,00s"
254,MAXINE SILVA,MAXINE.SILVA@sakilacustomer.org,185,0.00,English,"Sports,Animation,Documentary,Sci-Fi,Family",413,"00s,00s"
255,IRMA PEARSON,IRMA.PEARSON@sakilacustomer.org,185,0.00,English,"Sports,Animation,Documentary,Sci-Fi,Family",192,"00s,00s"
256,MABEL HOLLAND,MABEL.HOLLAND@sakilacustomer.org,185,0.00,English,"Sports,Animation,Documentary,Sci-Fi,Family",342,"00s,00s"
257,MARSHA DOUGLAS,MARSHA.DOUGLAS@sakilacustomer.org,185,0.00,English,"Sports,Animation,Documentary,Sci-Fi,Family",64,"00s,00s"
258,MYRTLE FLEMING,MYRTLE.FLEMING@sakilacustomer.org,185,0.00,English,"Action,Sports,Drama,Animation,Family",460,00s
259,LENA JENSEN,LENA.JENSEN@sakilacustomer.org,185,0.00,English,"Sports,Animation,Documentary,Sci-Fi,Family",197,"00s,00s"
260,CHRISTY VARGAS,CHRISTY.VARGAS@sakilacustomer.org,185,0.00,English,"Action,Sports,Drama,Animation,Family",136,"00s,00s"
261,DEANNA BYRD,DEANNA.BYRD@sakilacustomer.org,185,0.00,English,"Action,Sports,Drama,Animation,Family",548,"00s,00s"
262,PATSY DAVIDSON,PATSY.DAVIDSON@sakilacustomer.org,185,0.00,English,"Sports,Animation,Documentary,Sci-Fi,Family",414,"00s,00s"
263,HILDA HOPKINS,HILDA.HOPKINS@sakilacustomer.org,185,0.00,English,"Action,Sports,Drama,Animation,Family",323,"00s,00s"
264,GWENDOLYN MAY,GWENDOLYN.MAY@sakilacustomer.org,185,0.00,English,"Action,Sports,Drama,Animation,Family",203,"00s,00s"
265,JENNIE TERRY,JENNIE.TERRY@sakilacustomer.org,185,0.00,English,"Sports,Animation,Documentary,Sci-Fi,Family",378,00s
266,NORA HERRERA,NORA.HERRERA@sakilacustomer.org,185,0.00,English,"Sports,Animation,Documentary,Sci-Fi,Family",447,"00s,00s"
267,MARGIE WADE,MARGIE.WADE@sakilacustomer.org,185,0.00,English,"Action,Sports,Drama,Animation,Family",298,"00s,00s"
268,NINA SOTO,NINA.SOTO@sakilacustomer.org,185,0.00,English,"Action,Sports,Drama,Animation,Family",395,"00s,00s"
269,CASSANDRA WALTERS,CASSANDRA.WALTERS@sakilacustomer.org,185,0.00,English,"Action,Sports,Drama,Animation,Family",446,"00s,00s"
270,LEAH CURTIS,LEAH.CURTIS@sakilacustomer.org,185,0.00,English,"Action,Sports,Drama,Animation,Family",255,"00s,00s"
271,PENNY NEAL,PENNY.NEAL@sakilacustomer.org,185,0.00,English,"Action,Sports,Drama,Animation,Family",283,00s
272,KAY CALDWELL,KAY.CALDWELL@sakilacustomer.org,185,0.00,English,"Action,Sports,Drama,Animation,Family",584,"00s,00s"
273,PRISCILLA LOWE,PRISCILLA.LOWE@sakilacustomer.org,185,0.00,English,"Sports,Animation,Documentary,Sci-Fi,Family",445,"00s,00s"
274,NAOMI JENNINGS,NAOMI.JENNINGS@sakilacustomer.org,185,0.00,English,"Action,Sports,Drama,Animation,Family",263,"00s,00s"
275,CAROLE BARNETT,CAROLE.BARNETT@sakilacustomer.org,185,0.00,English,"Sports,Animation,Documentary,Sci-Fi,Family",404,00s
276,BRANDY GRAVES,BRANDY.GRAVES@sakilacustomer.org,185,0.00,English,"Action,Sports,Drama,Animation,Family",573,"00s,00s"
277,OLGA JIMENEZ,OLGA.JIMENEZ@sakilacustomer.org,185,0.00,English,"Sports,Animation,Documentary,Sci-Fi,Family",374,"00s,00s"
278,BILLIE HORTON,BILLIE.HORTON@sakilacustomer.org,185,0.00,English,"Sports,Animation,Documentary,Sci-Fi,Family",222,"00s,00s"
279,DIANNE SHELTON,DIANNE.SHELTON@sakilacustomer.org,185,0.00,English,"Sports,Animation,Documentary,Sci-Fi,Family",514,"00s,00s"
280,TRACEY BARRETT,TRACEY.BARRETT@sakilacustomer.org,185,0.00,English,"Sports,Animation,Documentary,Sci-Fi,Family",389,00s
281,LEONA OBRIEN,LEONA.OBRIEN@sakilacustomer.org,185,0.00,English,"Sports,Animation,Documentary,Sci-Fi,Family",175,"00s,00s"
282,JENNY CASTRO,JENNY.CASTRO@sakilacustomer.org,185,0.00,English,"Sports,Animation,Documentary,Sci-Fi,Family",411,"00s,00s"
283,FELICIA SUTTON,FELICIA.SUTTON@sakilacustomer.org,185,0.00,English,"Action,Sports,Drama,Animation,Family",277,00s
284,SONIA GREGORY,SONIA.GREGORY@sakilacustomer.org,185,0.00,English,"Action,Sports,Drama,Animation,Family",69,"00s,00s"
285,MIRIAM MCKINNEY,MIRIAM.MCKINNEY@sakilacustomer.org,185,0.00,English,"Action,Sports,Drama,Animation,Family",386,"00s,00s"
286,VELMA LUCAS,VELMA.LUCAS@sakilacustomer.org,185,0.00,English,"Action,Sports,Drama,Animation,Family",152,"00s,00s"
287,BECKY MILES,BECKY.MILES@sakilacustomer.org,185,0.00,English,"Sports,Animation,Documentary,Sci-Fi,Family",522,"00s,00s"
288,BOBBIE CRAIG,BOBBIE.CRAIG@sakilacustomer.org,185,0.00,English,"Action,Sports,Drama,Animation,Family",563,"00s,00s"
290,KRISTINA CHAMBERS,KRISTINA.CHAMBERS@sakilacustomer.org,185,0.00,English,"Action,Sports,Drama,Animation,Family",562,"00s,00s"
291,TONI HOLT,TONI.HOLT@sakilacustomer.org,185,0.00,"English,Japanese","Action,Sports,Drama,Animation,Family",433,"00s,00s"
292,MISTY LAMBERT,MISTY.LAMBERT@sakilacustomer.org,185,0.00,English,"Sports,Animation,Documentary,Sci-Fi,Family",470,00s
293,MAE FLETCHER,MAE.FLETCHER@sakilacustomer.org,185,0.00,English,"Sports,Animation,Documentary,Sci-Fi,Family",146,"00s,00s"
294,SHELLY WATTS,SHELLY.WATTS@sakilacustomer.org,185,0.00,English,"Sports,Animation,Documentary,Sci-Fi,Family",140,00s
295,DAISY BATES,DAISY.BATES@sakilacustomer.org,185,0.00,English,"Action,Sports,Drama,Animation,Family",274,"00s,00s"
296,RAMONA HALE,RAMONA.HALE@sakilacustomer.org,185,0.00,English,"Sports,Animation,Documentary,Sci-Fi,Family",400,"00s,00s"
297,SHERRI RHODES,SHERRI.RHODES@sakilacustomer.org,185,0.00,English,"Action,Sports,Drama,Animation,Family",9,"00s,00s"
298,ERIKA PENA,ERIKA.PENA@sakilacustomer.org,185,0.00,English,"Action,Sports,Drama,Animation,Family",387,"00s,00s"
299,JAMES GANNON,JAMES.GANNON@sakilacustomer.org,185,0.00,English,"Sports,Animation,Documentary,Sci-Fi,Family",205,"00s,00s"
300,JOHN FARNSWORTH,JOHN.FARNSWORTH@sakilacustomer.org,185,0.00,English,"Action,Sports,Drama,Animation,Family",398,"00s,00s"
301,ROBERT BAUGHMAN,ROBERT.BAUGHMAN@sakilacustomer.org,185,0.00,English,"Sports,Animation,Documentary,Sci-Fi,Family",254,"00s,00s"
302,MICHAEL SILVERMAN,MICHAEL.SILVERMAN@sakilacustomer.org,185,0.00,English,"Action,Sports,Drama,Animation,Family",536,"00s,00s"
303,WILLIAM SATTERFIELD,WILLIAM.SATTERFIELD@sakilacustomer.org,185,0.00,English,"Sports,Animation,Documentary,Sci-Fi,Family",455,"00s,00s"
304,DAVID ROYAL,DAVID.ROYAL@sakilacustomer.org,185,0.00,English,"Sports,Animation,Documentary,Sci-Fi,Family",99,"00s,00s"
305,RICHARD MCCRARY,RICHARD.MCCRARY@sakilacustomer.org,185,0.00,English,"Action,Sports,Drama,Animation,Family",33,"00s,00s"
306,CHARLES KOWALSKI,CHARLES.KOWALSKI@sakilacustomer.org,185,0.00,English,"Action,Sports,Drama,Animation,Family",507,"00s,00s"
307,JOSEPH JOY,JOSEPH.JOY@sakilacustomer.org,185,0.00,English,"Sports,Animation,Documentary,Sci-Fi,Family",25,"00s,00s"
308,THOMAS GRIGSBY,THOMAS.GRIGSBY@sakilacustomer.org,185,0.00,English,"Action,Sports,Drama,Animation,Family",262,00s
309,CHRISTOPHER GRECO,CHRISTOPHER.GRECO@sakilacustomer.org,185,0.00,English,"Action,Sports,Drama,Animation,Family",91,"00s,00s"
310,DANIEL CABRAL,DANIEL.CABRAL@sakilacustomer.org,185,0.00,English,"Sports,Animation,Documentary,Sci-Fi,Family",215,"00s,00s"
311,PAUL TROUT,PAUL.TROUT@sakilacustomer.org,185,0.00,English,"Sports,Animation,Documentary,Sci-Fi,Family",286,"00s,00s"
312,MARK RINEHART,MARK.RINEHART@sakilacustomer.org,185,0.00,English,"Sports,Animation,Documentary,Sci-Fi,Family",515,"00s,00s"
313,DONALD MAHON,DONALD.MAHON@sakilacustomer.org,185,0.00,English,"Sports,Animation,Documentary,Sci-Fi,Family",166,"00s,00s"
314,GEORGE LINTON,GEORGE.LINTON@sakilacustomer.org,185,0.00,English,"Action,Sports,Drama,Animation,Family",490,"00s,00s"
315,KENNETH GOODEN,KENNETH.GOODEN@sakilacustomer.org,185,0.00,English,"Sports,Animation,Documentary,Sci-Fi,Family",57,"00s,00s"
316,STEVEN CURLEY,STEVEN.CURLEY@sakilacustomer.org,185,0.00,English,"Action,Sports,Drama,Animation,Family",336,"00s,00s"
317,EDWARD BAUGH,EDWARD.BAUGH@sakilacustomer.org,185,0.00,English,"Sports,Animation,Documentary,Sci-Fi,Family",545,00s
318,BRIAN WYMAN,BRIAN.WYMAN@sakilacustomer.org,185,0.00,English,"Action,Sports,Drama,Animation,Family",97,00s
319,RONALD WEINER,RONALD.WEINER@sakilacustomer.org,185,0.00,English,"Sports,Animation,Documentary,Sci-Fi,Family",451,"00s,00s"
320,ANTHONY SCHWAB,ANTHONY.SCHWAB@sakilacustomer.org,185,0.00,English,"Sports,Animation,Documentary,Sci-Fi,Family",516,"00s,00s"
321,KEVIN SCHULER,KEVIN.SCHULER@sakilacustomer.org,185,0.00,English,"Action,Sports,Drama,Animation,Family",81,"00s,00s"
322,JASON MORRISSEY,JASON.MORRISSEY@sakilacustomer.org,185,0.00,English,"Action,Sports,Drama,Animation,Family",45,"00s,00s"
323,MATTHEW MAHAN,MATTHEW.MAHAN@sakilacustomer.org,185,0.00,"English,French","Sports,Animation,Documentary,Sci-Fi,Family",130,"00s,00s"
324,GARY COY,GARY.COY@sakilacustomer.org,185,0.00,English,"Sports,Animation,Documentary,Sci-Fi,Family",591,"00s,00s"
325,TIMOTHY BUNN,TIMOTHY.BUNN@sakilacustomer.org,185,0.00,English,"Action,Sports,Drama,Animation,Family",89,00s
326,JOSE ANDREW,JOSE.ANDREW@sakilacustomer.org,185,0.00,English,"Action,Sports,Drama,Animation,Family",269,"00s,00s"
327,LARRY THRASHER,LARRY.THRASHER@sakilacustomer.org,185,0.00,English,"Sports,Animation,Documentary,Sci-Fi,Family",5,"00s,00s"
328,JEFFREY SPEAR,JEFFREY.SPEAR@sakilacustomer.org,185,0.00,English,"Sports,Animation,Documentary,Sci-Fi,Family",119,"00s,00s"
329,FRANK WAGGONER,FRANK.WAGGONER@sakilacustomer.org,185,0.00,English,"Sports,Animation,Documentary,Sci-Fi,Family",234,00s
330,SCOTT SHELLEY,SCOTT.SHELLEY@sakilacustomer.org,185,0.00,English,"Action,Sports,Drama,Animation,Family",42,"00s,00s"
331,ERIC ROBERT,ERIC.ROBERT@sakilacustomer.org,185,0.00,English,"Action,Sports,Drama,Animation,Family",457,"00s,00s"
332,STEPHEN QUALLS,STEPHEN.QUALLS@sakilacustomer.org,185,0.00,English,"Action,Sports,Drama,Animation,Family",143,"00s,00s"
333,ANDREW PURDY,ANDREW.PURDY@sakilacustomer.org,185,0.00,English,"Sports,Animation,Documentary,Sci-Fi,Family",48,"00s,00s"
334,RAYMOND MCWHORTER,RAYMOND.MCWHORTER@sakilacustomer.org,185,0.00,English,"Sports,Animation,Documentary,Sci-Fi,Family",505,"00s,00s"
336,JOSHUA MARK,JOSHUA.MARK@sakilacustomer.org,185,0.00,English,"Action,Sports,Drama,Animation,Family",427,00s
337,JERRY JORDON,JERRY.JORDON@sakilacustomer.org,185,0.00,English,"Action,Sports,Drama,Animation,Family",382,"00s,00s"
338,DENNIS GILMAN,DENNIS.GILMAN@sakilacustomer.org,185,0.00,English,"Action,Sports,Drama,Animation,Family",392,"00s,00s"
339,WALTER PERRYMAN,WALTER.PERRYMAN@sakilacustomer.org,185,0.00,English,"Sports,Animation,Documentary,Sci-Fi,Family",581,"00s,00s"
340,PATRICK NEWSOM,PATRICK.NEWSOM@sakilacustomer.org,185,0.00,English,"Action,Sports,Drama,Animation,Family",201,"00s,00s"
341,PETER MENARD,PETER.MENARD@sakilacustomer.org,185,0.00,English,"Action,Sports,Drama,Animation,Family",151,"00s,00s"
343,DOUGLAS GRAF,DOUGLAS.GRAF@sakilacustomer.org,185,0.00,English,"Action,Sports,Drama,Animation,Family",335,"00s,00s"
344,HENRY BILLINGSLEY,HENRY.BILLINGSLEY@sakilacustomer.org,185,0.00,English,"Action,Sports,Drama,Animation,Family",370,"00s,00s"
345,CARL ARTIS,CARL.ARTIS@sakilacustomer.org,185,0.00,English,"Action,Sports,Drama,Animation,Family",453,"00s,00s"
346,ARTHUR SIMPKINS,ARTHUR.SIMPKINS@sakilacustomer.org,185,0.00,English,"Action,Sports,Drama,Animation,Family",320,"00s,00s"
347,RYAN SALISBURY,RYAN.SALISBURY@sakilacustomer.org,185,0.00,English,"Sports,Animation,Documentary,Sci-Fi,Family",137,00s
348,ROGER QUINTANILLA,ROGER.QUINTANILLA@sakilacustomer.org,185,0.00,English,"Sports,Animation,Documentary,Sci-Fi,Family",209,"00s,00s"
349,JOE GILLILAND,JOE.GILLILAND@sakilacustomer.org,185,0.00,English,"Sports,Animation,Documentary,Sci-Fi,Family",221,"00s,00s"
350,JUAN FRALEY,JUAN.FRALEY@sakilacustomer.org,185,0.00,English,"Action,Sports,Drama,Animation,Family",531,"00s,00s"
351,JACK FOUST,JACK.FOUST@sakilacustomer.org,185,0.00,English,"Action,Sports,Drama,Animation,Family",597,00s
352,ALBERT CROUSE,ALBERT.CROUSE@sakilacustomer.org,185,0.00,English,"Action,Sports,Drama,Animation,Family",52,"00s,00s"
353,JONATHAN SCARBOROUGH,JONATHAN.SCARBOROUGH@sakilacustomer.org,185,0.00,English,"Action,Sports,Drama,Animation,Family",393,"00s,00s"
354,JUSTIN NGO,JUSTIN.NGO@sakilacustomer.org,185,0.00,English,"Sports,Animation,Documentary,Sci-Fi,Family",461,"00s,00s"
355,TERRY GRISSOM,TERRY.GRISSOM@sakilacustomer.org,185,0.00,English,"Sports,Animation,Documentary,Sci-Fi,Family",331,"00s,00s"
356,GERALD FULTZ,GERALD.FULTZ@sakilacustomer.org,185,0.00,English,"Sports,Animation,Documentary,Sci-Fi,Family",464,"00s,00s"
357,KEITH RICO,KEITH.RICO@sakilacustomer.org,185,0.00,English,"Action,Sports,Drama,Animation,Family",90,"00s,00s"
358,SAMUEL MARLOW,SAMUEL.MARLOW@sakilacustomer.org,185,0.00,English,"Sports,Animation,Documentary,Sci-Fi,Family",429,"00s,00s"
359,WILLIE MARKHAM,WILLIE.MARKHAM@sakilacustomer.org,185,0.00,English,"Sports,Animation,Documentary,Sci-Fi,Family",20,"00s,00s"
360,RALPH MADRIGAL,RALPH.MADRIGAL@sakilacustomer.org,185,0.00,English,"Sports,Animation,Documentary,Sci-Fi,Family",32,"00s,00s"
361,LAWRENCE LAWTON,LAWRENCE.LAWTON@sakilacustomer.org,185,0.00,English,"Sports,Animation,Documentary,Sci-Fi,Family",585,"00s,00s"
362,NICHOLAS BARFIELD,NICHOLAS.BARFIELD@sakilacustomer.org,185,0.00,English,"Action,Sports,Drama,Animation,Family",66,"00s,00s"
363,ROY WHITING,ROY.WHITING@sakilacustomer.org,185,0.00,English,"Sports,Animation,Documentary,Sci-Fi,Family",372,"00s,00s"
364,BENJAMIN VARNEY,BENJAMIN.VARNEY@sakilacustomer.org,185,0.00,English,"Action,Sports,Drama,Animation,Family",188,"00s,00s"
365,BRUCE SCHWARZ,BRUCE.SCHWARZ@sakilacustomer.org,185,0.00,English,"Sports,Animation,Documentary,Sci-Fi,Family",377,"00s,00s"
366,BRANDON HUEY,BRANDON.HUEY@sakilacustomer.org,185,0.00,English,"Action,Sports,Drama,Animation,Family",50,"00s,00s"
367,ADAM GOOCH,ADAM.GOOCH@sakilacustomer.org,185,0.00,English,"Action,Sports,Drama,Animation,Family",8,"00s,00s"
368,HARRY ARCE,HARRY.ARCE@sakilacustomer.org,185,0.00,English,"Action,Sports,Drama,Animation,Family",356,"00s,00s"
369,FRED WHEAT,FRED.WHEAT@sakilacustomer.org,185,0.00,English,"Sports,Animation,Documentary,Sci-Fi,Family",250,"00s,00s"
370,WAYNE TRUONG,WAYNE.TRUONG@sakilacustomer.org,185,0.00,English,"Sports,Animation,Documentary,Sci-Fi,Family",191,00s
371,BILLY POULIN,BILLY.POULIN@sakilacustomer.org,185,0.00,English,"Action,Sports,Drama,Animation,Family",98,"00s,00s"
372,STEVE MACKENZIE,STEVE.MACKENZIE@sakilacustomer.org,185,0.00,English,"Sports,Animation,Documentary,Sci-Fi,Family",415,"00s,00s"
373,LOUIS LEONE,LOUIS.LEONE@sakilacustomer.org,185,0.00,English,"Action,Sports,Drama,Animation,Family",523,"00s,00s"
374,JEREMY HURTADO,JEREMY.HURTADO@sakilacustomer.org,185,0.00,English,"Sports,Animation,Documentary,Sci-Fi,Family",572,"00s,00s"
375,AARON SELBY,AARON.SELBY@sakilacustomer.org,185,0.00,English,"Sports,Animation,Documentary,Sci-Fi,Family",348,"00s,00s"
376,RANDY GAITHER,RANDY.GAITHER@sakilacustomer.org,185,0.00,English,"Action,Sports,Drama,Animation,Family",285,"00s,00s"
378,EUGENE CULPEPPER,EUGENE.CULPEPPER@sakilacustomer.org,185,0.00,English,"Action,Sports,Drama,Animation,Family",471,"00s,00s"
379,CARLOS COUGHLIN,CARLOS.COUGHLIN@sakilacustomer.org,185,0.00,English,"Action,Sports,Drama,Animation,Family",73,"00s,00s"
380,RUSSELL BRINSON,RUSSELL.BRINSON@sakilacustomer.org,185,0.00,English,"Action,Sports,Drama,Animation,Family",549,00s
381,BOBBY BOUDREAU,BOBBY.BOUDREAU@sakilacustomer.org,185,0.00,English,"Sports,Animation,Documentary,Sci-Fi,Family",493,"00s,00s"
382,VICTOR BARKLEY,VICTOR.BARKLEY@sakilacustomer.org,185,0.00,English,"Sports,Animation,Documentary,Sci-Fi,Family",322,"00s,00s"
383,MARTIN BALES,MARTIN.BALES@sakilacustomer.org,185,0.00,English,"Action,Sports,Drama,Animation,Family",360,"00s,00s"
384,ERNEST STEPP,ERNEST.STEPP@sakilacustomer.org,185,0.00,English,"Sports,Animation,Documentary,Sci-Fi,Family",210,"00s,00s"
385,PHILLIP HOLM,PHILLIP.HOLM@sakilacustomer.org,185,0.00,English,"Action,Sports,Drama,Animation,Family",521,"00s,00s"
386,TODD TAN,TODD.TAN@sakilacustomer.org,185,0.00,English,"Action,Sports,Drama,Animation,Family",258,"00s,00s"
387,JESSE SCHILLING,JESSE.SCHILLING@sakilacustomer.org,185,0.00,English,"Sports,Animation,Documentary,Sci-Fi,Family",315,"00s,00s"
388,CRAIG MORRELL,CRAIG.MORRELL@sakilacustomer.org,185,0.00,English,"Sports,Animation,Documentary,Sci-Fi,Family",104,"00s,00s"
389,ALAN KAHN,ALAN.KAHN@sakilacustomer.org,185,0.00,English,"Action,Sports,Drama,Animation,Family",157,"00s,00s"
390,SHAWN HEATON,SHAWN.HEATON@sakilacustomer.org,185,0.00,English,"Action,Sports,Drama,Animation,Family",358,"00s,00s"
391,CLARENCE GAMEZ,CLARENCE.GAMEZ@sakilacustomer.org,185,0.00,English,"Action,Sports,Drama,Animation,Family",229,"00s,00s"
392,SEAN DOUGLASS,SEAN.DOUGLASS@sakilacustomer.org,185,0.00,English,"Sports,Animation,Documentary,Sci-Fi,Family",6,"00s,00s"
393,PHILIP CAUSEY,PHILIP.CAUSEY@sakilacustomer.org,185,0.00,English,"Action,Sports,Drama,Animation,Family",278,"00s,00s"
394,CHRIS BROTHERS,CHRIS.BROTHERS@sakilacustomer.org,185,0.00,English,"Sports,Animation,Documentary,Sci-Fi,Family",181,"00s,00s"
395,JOHNNY TURPIN,JOHNNY.TURPIN@sakilacustomer.org,185,0.00,English,"Sports,Animation,Documentary,Sci-Fi,Family",15,"00s,00s"
396,EARL SHANKS,EARL.SHANKS@sakilacustomer.org,185,0.00,English,"Action,Sports,Drama,Animation,Family",228,"00s,00s"
397,JIMMY SCHRADER,JIMMY.SCHRADER@sakilacustomer.org,185,0.00,English,"Action,Sports,Drama,Animation,Family",39,"00s,00s"
398,ANTONIO MEEK,ANTONIO.MEEK@sakilacustomer.org,185,0.00,English,"Action,Sports,Drama,Animation,Family",44,"00s,00s"
399,DANNY ISOM,DANNY.ISOM@sakilacustomer.org,185,0.00,English,"Action,Sports,Drama,Animation,Family",375,"00s,00s"
400,BRYAN HARDISON,BRYAN.HARDISON@sakilacustomer.org,185,0.00,English,"Sports,Animation,Documentary,Sci-Fi,Family",135,"00s,00s"
401,TONY CARRANZA,TONY.CARRANZA@sakilacustomer.org,185,0.00,English,"Sports,Animation,Documentary,Sci-Fi,Family",276,"00s,00s"
402,LUIS YANEZ,LUIS.YANEZ@sakilacustomer.org,185,0.00,English,"Action,Sports,Drama,Animation,Family",92,"00s,00s"
403,MIKE WAY,MIKE.WAY@sakilacustomer.org,185,0.00,English,"Action,Sports,Drama,Animation,Family",564,"00s,00s"
404,STANLEY SCROGGINS,STANLEY.SCROGGINS@sakilacustomer.org,185,0.00,English,"Sports,Animation,Documentary,Sci-Fi,Family",380,"00s,00s"
405,LEONARD SCHOFIELD,LEONARD.SCHOFIELD@sakilacustomer.org,185,0.00,English,"Action,Sports,Drama,Animation,Family",524,"00s,00s"
406,NATHAN RUNYON,NATHAN.RUNYON@sakilacustomer.org,185,0.00,English,"Action,Sports,Drama,Animation,Family",111,00s
407,DALE RATCLIFF,DALE.RATCLIFF@sakilacustomer.org,185,0.00,English,"Action,Sports,Drama,Animation,Family",437,"00s,00s"
408,MANUEL MURRELL,MANUEL.MURRELL@sakilacustomer.org,185,0.00,English,"Action,Sports,Drama,Animation,Family",230,"00s,00s"
409,RODNEY MOELLER,RODNEY.MOELLER@sakilacustomer.org,185,0.00,English,"Sports,Animation,Documentary,Sci-Fi,Family",141,"00s,00s"
410,CURTIS IRBY,CURTIS.IRBY@sakilacustomer.org,185,0.00,English,"Sports,Animation,Documentary,Sci-Fi,Family",430,00s
411,NORMAN CURRIER,NORMAN.CURRIER@sakilacustomer.org,185,0.00,English,"Action,Sports,Drama,Animation,Family",117,"00s,00s"
412,ALLEN BUTTERFIELD,ALLEN.BUTTERFIELD@sakilacustomer.org,185,0.00,English,"Sports,Animation,Documentary,Sci-Fi,Family",208,"00s,00s"
413,MARVIN YEE,MARVIN.YEE@sakilacustomer.org,185,0.00,English,"Sports,Animation,Documentary,Sci-Fi,Family",71,"00s,00s"
414,VINCENT RALSTON,VINCENT.RALSTON@sakilacustomer.org,185,0.00,English,"Action,Sports,Drama,Animation,Family",19,"00s,00s"
415,GLENN PULLEN,GLENN.PULLEN@sakilacustomer.org,185,0.00,English,"Action,Sports,Drama,Animation,Family",23,00s
416,JEFFERY PINSON,JEFFERY.PINSON@sakilacustomer.org,185,0.00,English,"Sports,Animation,Documentary,Sci-Fi,Family",134,"00s,00s"
417,TRAVIS ESTEP,TRAVIS.ESTEP@sakilacustomer.org,185,0.00,English,"Action,Sports,Drama,Animation,Family",16,"00s,00s"
419,CHAD CARBONE,CHAD.CARBONE@sakilacustomer.org,185,0.00,English,"Action,Sports,Drama,Animation,Family",264,00s
420,JACOB LANCE,JACOB.LANCE@sakilacustomer.org,185,0.00,English,"Action,Sports,Drama,Animation,Family",155,00s
421,LEE HAWKS,LEE.HAWKS@sakilacustomer.org,185,0.00,English,"Action,Sports,Drama,Animation,Family",416,"00s,00s"
422,MELVIN ELLINGTON,MELVIN.ELLINGTON@sakilacustomer.org,185,0.00,English,"Action,Sports,Drama,Animation,Family",293,00s
423,ALFRED CASILLAS,ALFRED.CASILLAS@sakilacustomer.org,185,0.00,English,"Sports,Animation,Documentary,Sci-Fi,Family",465,00s
424,KYLE SPURLOCK,KYLE.SPURLOCK@sakilacustomer.org,185,0.00,English,"Sports,Animation,Documentary,Sci-Fi,Family",468,00s
425,FRANCIS SIKES,FRANCIS.SIKES@sakilacustomer.org,185,0.00,English,"Sports,Animation,Documentary,Sci-Fi,Family",452,00s
426,BRADLEY MOTLEY,BRADLEY.MOTLEY@sakilacustomer.org,185,0.00,English,"Action,Sports,Drama,Animation,Family",418,"00s,00s"
427,JESUS MCCARTNEY,JESUS.MCCARTNEY@sakilacustomer.org,185,0.00,English,"Sports,Animation,Documentary,Sci-Fi,Family",189,"00s,00s"
428,HERBERT KRUGER,HERBERT.KRUGER@sakilacustomer.org,185,0.00,English,"Sports,Animation,Documentary,Sci-Fi,Family",510,"00s,00s"
429,FREDERICK ISBELL,FREDERICK.ISBELL@sakilacustomer.org,185,0.00,English,"Sports,Animation,Documentary,Sci-Fi,Family",547,"00s,00s"
430,RAY HOULE,RAY.HOULE@sakilacustomer.org,185,0.00,English,"Action,Sports,Drama,Animation,Family",150,"00s,00s"
431,JOEL FRANCISCO,JOEL.FRANCISCO@sakilacustomer.org,185,0.00,English,"Sports,Animation,Documentary,Sci-Fi,Family",501,"00s,00s"
432,EDWIN BURK,EDWIN.BURK@sakilacustomer.org,185,0.00,English,"Action,Sports,Drama,Animation,Family",364,"00s,00s"
433,DON BONE,DON.BONE@sakilacustomer.org,185,0.00,English,"Action,Sports,Drama,Animation,Family",351,"00s,00s"
434,EDDIE TOMLIN,EDDIE.TOMLIN@sakilacustomer.org,185,0.00,English,"Action,Sports,Drama,Animation,Family",391,"00s,00s"
435,RICKY SHELBY,RICKY.SHELBY@sakilacustomer.org,185,0.00,English,"Sports,Animation,Documentary,Sci-Fi,Family",249,"00s,00s"
436,TROY QUIGLEY,TROY.QUIGLEY@sakilacustomer.org,185,0.00,English,"Action,Sports,Drama,Animation,Family",565,"00s,00s"
437,RANDALL NEUMANN,RANDALL.NEUMANN@sakilacustomer.org,185,0.00,English,"Sports,Animation,Documentary,Sci-Fi,Family",290,"00s,00s"
438,BARRY LOVELACE,BARRY.LOVELACE@sakilacustomer.org,185,0.00,English,"Action,Sports,Drama,Animation,Family",272,"00s,00s"
439,ALEXANDER FENNELL,ALEXANDER.FENNELL@sakilacustomer.org,185,0.00,English,"Sports,Animation,Documentary,Sci-Fi,Family",70,"00s,00s"
440,BERNARD COLBY,BERNARD.COLBY@sakilacustomer.org,185,0.00,English,"Action,Sports,Drama,Animation,Family",144,00s
441,MARIO CHEATHAM,MARIO.CHEATHAM@sakilacustomer.org,185,0.00,English,"Action,Sports,Drama,Animation,Family",59,"00s,00s"
442,LEROY BUSTAMANTE,LEROY.BUSTAMANTE@sakilacustomer.org,185,0.00,English,"Action,Sports,Drama,Animation,Family",540,"00s,00s"
443,FRANCISCO SKIDMORE,FRANCISCO.SKIDMORE@sakilacustomer.org,185,0.00,English,"Sports,Animation,Documentary,Sci-Fi,Family",486,00s
444,MARCUS HIDALGO,MARCUS.HIDALGO@sakilacustomer.org,185,0.00,English,"Sports,Animation,Documentary,Sci-Fi,Family",530,"00s,00s"
445,MICHEAL FORMAN,MICHEAL.FORMAN@sakilacustomer.org,185,0.00,English,"Action,Sports,Drama,Animation,Family",161,"00s,00s"
446,THEODORE CULP,THEODORE.CULP@sakilacustomer.org,185,0.00,English,"Sports,Animation,Documentary,Sci-Fi,Family",554,"00s,00s"
447,CLIFFORD BOWENS,CLIFFORD.BOWENS@sakilacustomer.org,185,0.00,English,"Action,Sports,Drama,Animation,Family",352,"00s,00s"
448,MIGUEL BETANCOURT,MIGUEL.BETANCOURT@sakilacustomer.org,185,0.00,English,"Action,Sports,Drama,Animation,Family",160,"00s,00s"
449,OSCAR AQUINO,OSCAR.AQUINO@sakilacustomer.org,185,0.00,English,"Sports,Animation,Documentary,Sci-Fi,Family",481,"00s,00s"
450,JAY ROBB,JAY.ROBB@sakilacustomer.org,185,0.00,English,"Action,Sports,Drama,Animation,Family",509,"00s,00s"
451,JIM REA,JIM.REA@sakilacustomer.org,185,0.00,English,"Action,Sports,Drama,Animation,Family",154,"00s,00s"
452,TOM MILNER,TOM.MILNER@sakilacustomer.org,185,0.00,English,"Action,Sports,Drama,Animation,Family",3,"00s,00s"
454,ALEX GRESHAM,ALEX.GRESHAM@sakilacustomer.org,185,0.00,English,"Sports,Animation,Documentary,Sci-Fi,Family",556,"00s,00s"
455,JON WILES,JON.WILES@sakilacustomer.org,185,0.00,English,"Sports,Animation,Documentary,Sci-Fi,Family",153,"00s,00s"
456,RONNIE RICKETTS,RONNIE.RICKETTS@sakilacustomer.org,185,0.00,English,"Sports,Animation,Documentary,Sci-Fi,Family",600,"00s,00s"
457,BILL GAVIN,BILL.GAVIN@sakilacustomer.org,185,0.00,English,"Sports,Animation,Documentary,Sci-Fi,Family",435,"00s,00s"
459,TOMMY COLLAZO,TOMMY.COLLAZO@sakilacustomer.org,185,0.00,English,"Action,Sports,Drama,Animation,Family",423,00s
460,LEON BOSTIC,LEON.BOSTIC@sakilacustomer.org,185,0.00,English,"Action,Sports,Drama,Animation,Family",170,"00s,00s"
461,DEREK BLAKELY,DEREK.BLAKELY@sakilacustomer.org,185,0.00,English,"Action,Sports,Drama,Animation,Family",182,00s
462,WARREN SHERROD,WARREN.SHERROD@sakilacustomer.org,185,0.00,English,"Sports,Animation,Documentary,Sci-Fi,Family",558,"00s,00s"
463,DARRELL POWER,DARRELL.POWER@sakilacustomer.org,185,0.00,English,"Sports,Animation,Documentary,Sci-Fi,Family",196,"00s,00s"
464,JEROME KENYON,JEROME.KENYON@sakilacustomer.org,185,0.00,English,"Action,Sports,Drama,Animation,Family",428,"00s,00s"
465,FLOYD GANDY,FLOYD.GANDY@sakilacustomer.org,185,0.00,English,"Action,Sports,Drama,Animation,Family",595,"00s,00s"
466,LEO EBERT,LEO.EBERT@sakilacustomer.org,185,0.00,English,"Action,Sports,Drama,Animation,Family",145,00s
467,ALVIN DELOACH,ALVIN.DELOACH@sakilacustomer.org,185,0.00,English,"Sports,Animation,Documentary,Sci-Fi,Family",129,"00s,00s"
468,TIM CARY,TIM.CARY@sakilacustomer.org,185,0.00,English,"Action,Sports,Drama,Animation,Family",78,"00s,00s"
469,WESLEY BULL,WESLEY.BULL@sakilacustomer.org,185,0.00,English,"Sports,Animation,Documentary,Sci-Fi,Family",388,"00s,00s"
470,GORDON ALLARD,GORDON.ALLARD@sakilacustomer.org,185,0.00,English,"Action,Sports,Drama,Animation,Family",206,"00s,00s"
471,DEAN SAUER,DEAN.SAUER@sakilacustomer.org,185,0.00,English,"Action,Sports,Drama,Animation,Family",244,"00s,00s"
472,GREG ROBINS,GREG.ROBINS@sakilacustomer.org,185,0.00,English,"Action,Sports,Drama,Animation,Family",359,"00s,00s"
473,JORGE OLIVARES,JORGE.OLIVARES@sakilacustomer.org,185,0.00,English,"Sports,Animation,Documentary,Sci-Fi,Family",301,"00s,00s"
474,DUSTIN GILLETTE,DUSTIN.GILLETTE@sakilacustomer.org,185,0.00,English,"Sports,Animation,Documentary,Sci-Fi,Family",158,"00s,00s"
475,PEDRO CHESTNUT,PEDRO.CHESTNUT@sakilacustomer.org,185,0.00,English,"Sports,Animation,Documentary,Sci-Fi,Family",385,"00s,00s"
476,DERRICK BOURQUE,DERRICK.BOURQUE@sakilacustomer.org,185,0.00,English,"Action,Sports,Drama,Animation,Family",179,"00s,00s"
477,DAN PAINE,DAN.PAINE@sakilacustomer.org,185,0.00,English,"Action,Sports,Drama,Animation,Family",500,"00s,00s"
478,LEWIS LYMAN,LEWIS.LYMAN@sakilacustomer.org,185,0.00,English,"Action,Sports,Drama,Animation,Family",36,00s
479,ZACHARY HITE,ZACHARY.HITE@sakilacustomer.org,185,0.00,English,"Action,Sports,Drama,Animation,Family",11,"00s,00s"
480,COREY HAUSER,COREY.HAUSER@sakilacustomer.org,185,0.00,English,"Action,Sports,Drama,Animation,Family",180,"00s,00s"
481,HERMAN DEVORE,HERMAN.DEVORE@sakilacustomer.org,185,0.00,English,"Action,Sports,Drama,Animation,Family",347,"00s,00s"
482,MAURICE CRAWLEY,MAURICE.CRAWLEY@sakilacustomer.org,185,0.00,"English,French","Action,Sports,Drama,Animation,Family",125,"00s,00s"
483,VERNON CHAPA,VERNON.CHAPA@sakilacustomer.org,185,0.00,English,"Sports,Animation,Documentary,Sci-Fi,Family",142,00s
484,ROBERTO VU,ROBERTO.VU@sakilacustomer.org,185,0.00,English,"Action,Sports,Drama,Animation,Family",587,"00s,00s"
485,CLYDE TOBIAS,CLYDE.TOBIAS@sakilacustomer.org,185,0.00,English,"Action,Sports,Drama,Animation,Family",469,"00s,00s"
486,GLEN TALBERT,GLEN.TALBERT@sakilacustomer.org,185,0.00,English,"Action,Sports,Drama,Animation,Family",4,"00s,00s"
488,SHANE MILLARD,SHANE.MILLARD@sakilacustomer.org,185,0.00,English,"Sports,Animation,Documentary,Sci-Fi,Family",288,"00s,00s"
489,RICARDO MEADOR,RICARDO.MEADOR@sakilacustomer.org,185,0.00,English,"Action,Sports,Drama,Animation,Family",376,"00s,00s"
490,SAM MCDUFFIE,SAM.MCDUFFIE@sakilacustomer.org,185,0.00,English,"Action,Sports,Drama,Animation,Family",487,"00s,00s"
491,RICK MATTOX,RICK.MATTOX@sakilacustomer.org,185,0.00,English,"Sports,Animation,Documentary,Sci-Fi,Family",337,"00s,00s"
492,LESTER KRAUS,LESTER.KRAUS@sakilacustomer.org,185,0.00,English,"Sports,Animation,Documentary,Sci-Fi,Family",261,"00s,00s"
493,BRENT HARKINS,BRENT.HARKINS@sakilacustomer.org,185,0.00,English,"Action,Sports,Drama,Animation,Family",504,00s
494,RAMON CHOATE,RAMON.CHOATE@sakilacustomer.org,185,0.00,English,"Sports,Animation,Documentary,Sci-Fi,Family",434,"00s,00s"
495,CHARLIE BESS,CHARLIE.BESS@sakilacustomer.org,185,0.00,English,"Sports,Animation,Documentary,Sci-Fi,Family",47,"00s,00s"
496,TYLER WREN,TYLER.WREN@sakilacustomer.org,185,0.00,English,"Sports,Animation,Documentary,Sci-Fi,Family",432,"00s,00s"
497,GILBERT SLEDGE,GILBERT.SLEDGE@sakilacustomer.org,185,0.00,English,"Sports,Animation,Documentary,Sci-Fi,Family",589,00s
498,GENE SANBORN,GENE.SANBORN@sakilacustomer.org,185,0.00,English,"Action,Sports,Drama,Animation,Family",444,"00s,00s"
499,MARC OUTLAW,MARC.OUTLAW@sakilacustomer.org,185,0.00,English,"Sports,Animation,Documentary,Sci-Fi,Family",93,"00s,00s"
500,REGINALD KINDER,REGINALD.KINDER@sakilacustomer.org,185,0.00,English,"Action,Sports,Drama,Animation,Family",318,"00s,00s"
501,RUBEN GEARY,RUBEN.GEARY@sakilacustomer.org,185,0.00,English,"Action,Sports,Drama,Animation,Family",314,"00s,00s"
502,BRETT CORNWELL,BRETT.CORNWELL@sakilacustomer.org,185,0.00,English,"Action,Sports,Drama,Animation,Family",478,"00s,00s"
503,ANGEL BARCLAY,ANGEL.BARCLAY@sakilacustomer.org,185,0.00,English,"Action,Sports,Drama,Animation,Family",552,"00s,00s"
504,NATHANIEL ADAM,NATHANIEL.ADAM@sakilacustomer.org,185,0.00,English,"Action,Sports,Drama,Animation,Family",245,"00s,00s"
505,RAFAEL ABNEY,RAFAEL.ABNEY@sakilacustomer.org,185,0.00,English,"Action,Sports,Drama,Animation,Family",519,"00s,00s"
506,LESLIE SEWARD,LESLIE.SEWARD@sakilacustomer.org,185,0.00,English,"Sports,Animation,Documentary,Sci-Fi,Family",412,"00s,00s"
507,EDGAR RHOADS,EDGAR.RHOADS@sakilacustomer.org,185,0.00,"English,French","Sports,Animation,Documentary,Sci-Fi,Family",163,"00s,00s"
508,MILTON HOWLAND,MILTON.HOWLAND@sakilacustomer.org,185,0.00,English,"Sports,Animation,Documentary,Sci-Fi,Family",568,"00s,00s"
509,RAUL FORTIER,RAUL.FORTIER@sakilacustomer.org,185,0.00,English,"Action,Sports,Drama,Animation,Family",110,"00s,00s"
510,BEN EASTER,BEN.EASTER@sakilacustomer.org,185,0.00,English,"Sports,Animation,Documentary,Sci-Fi,Family",259,"00s,00s"
511,CHESTER BENNER,CHESTER.BENNER@sakilacustomer.org,185,0.00,English,"Action,Sports,Drama,Animation,Family",502,"00s,00s"
512,CECIL VINES,CECIL.VINES@sakilacustomer.org,185,0.00,English,"Action,Sports,Drama,Animation,Family",312,00s
513,DUANE TUBBS,DUANE.TUBBS@sakilacustomer.org,185,0.00,English,"Sports,Animation,Documentary,Sci-Fi,Family",583,"00s,00s"
514,FRANKLIN TROUTMAN,FRANKLIN.TROUTMAN@sakilacustomer.org,185,0.00,English,"Sports,Animation,Documentary,Sci-Fi,Family",594,"00s,00s"
515,ANDRE RAPP,ANDRE.RAPP@sakilacustomer.org,185,0.00,English,"Action,Sports,Drama,Animation,Family",127,"00s,00s"
516,ELMER NOE,ELMER.NOE@sakilacustomer.org,185,0.00,English,"Sports,Animation,Documentary,Sci-Fi,Family",60,"00s,00s"
517,BRAD MCCURDY,BRAD.MCCURDY@sakilacustomer.org,185,0.00,English,"Sports,Animation,Documentary,Sci-Fi,Family",116,"00s,00s"
518,GABRIEL HARDER,GABRIEL.HARDER@sakilacustomer.org,185,0.00,English,"Action,Sports,Drama,Animation,Family",482,"00s,00s"
519,RON DELUCA,RON.DELUCA@sakilacustomer.org,185,0.00,English,"Sports,Animation,Documentary,Sci-Fi,Family",224,00s
520,MITCHELL WESTMORELAND,MITCHELL.WESTMORELAND@sakilacustomer.org,185,0.00,English,"Sports,Animation,Documentary,Sci-Fi,Family",366,"00s,00s"
521,ROLAND SOUTH,ROLAND.SOUTH@sakilacustomer.org,185,0.00,English,"Sports,Animation,Documentary,Sci-Fi,Family",588,00s
522,ARNOLD HAVENS,ARNOLD.HAVENS@sakilacustomer.org,185,0.00,English,"Sports,Animation,Documentary,Sci-Fi,Family",458,"00s,00s"
523,HARVEY GUAJARDO,HARVEY.GUAJARDO@sakilacustomer.org,185,0.00,English,"Action,Sports,Drama,Animation,Family",571,"00s,00s"
524,JARED ELY,JARED.ELY@sakilacustomer.org,185,0.00,English,"Action,Sports,Drama,Animation,Family",419,"00s,00s"
525,ADRIAN CLARY,ADRIAN.CLARY@sakilacustomer.org,185,0.00,English,"Sports,Animation,Documentary,Sci-Fi,Family",551,"00s,00s"
526,KARL SEAL,KARL.SEAL@sakilacustomer.org,185,0.00,English,"Sports,Animation,Documentary,Sci-Fi,Family",101,"00s,00s"
527,CORY MEEHAN,CORY.MEEHAN@sakilacustomer.org,185,0.00,English,"Action,Sports,Drama,Animation,Family",339,00s
528,CLAUDE HERZOG,CLAUDE.HERZOG@sakilacustomer.org,185,0.00,English,"Action,Sports,Drama,Animation,Family",67,"00s,00s"
529,ERIK GUILLEN,ERIK.GUILLEN@sakilacustomer.org,185,0.00,English,"Sports,Animation,Documentary,Sci-Fi,Family",75,"00s,00s"
530,DARRYL ASHCRAFT,DARRYL.ASHCRAFT@sakilacustomer.org,185,0.00,English,"Sports,Animation,Documentary,Sci-Fi,Family",165,"00s,00s"
531,JAMIE WAUGH,JAMIE.WAUGH@sakilacustomer.org,185,0.00,English,"Sports,Animation,Documentary,Sci-Fi,Family",287,"00s,00s"
532,NEIL RENNER,NEIL.RENNER@sakilacustomer.org,185,0.00,English,"Sports,Animation,Documentary,Sci-Fi,Family",100,"00s,00s"
533,JESSIE MILAM,JESSIE.MILAM@sakilacustomer.org,185,0.00,English,"Action,Sports,Drama,Animation,Family",80,"00s,00s"
534,CHRISTIAN JUNG,CHRISTIAN.JUNG@sakilacustomer.org,185,0.00,English,"Action,Sports,Drama,Animation,Family",24,"00s,00s"
535,JAVIER ELROD,JAVIER.ELROD@sakilacustomer.org,185,0.00,English,"Action,Sports,Drama,Animation,Family",363,"00s,00s"
536,FERNANDO CHURCHILL,FERNANDO.CHURCHILL@sakilacustomer.org,185,0.00,English,"Sports,Animation,Documentary,Sci-Fi,Family",539,"00s,00s"
537,CLINTON BUFORD,CLINTON.BUFORD@sakilacustomer.org,185,0.00,English,"Sports,Animation,Documentary,Sci-Fi,Family",42,"00s,00s"
538,TED BREAUX,TED.BREAUX@sakilacustomer.org,185,0.00,English,"Sports,Animation,Documentary,Sci-Fi,Family",46,"00s,00s"
539,MATHEW BOLIN,MATHEW.BOLIN@sakilacustomer.org,185,0.00,"English,French","Action,Sports,Drama,Animation,Family",561,"00s,00s"
540,TYRONE ASHER,TYRONE.ASHER@sakilacustomer.org,185,0.00,English,"Action,Sports,Drama,Animation,Family",436,"00s,00s"
541,DARREN WINDHAM,DARREN.WINDHAM@sakilacustomer.org,185,0.00,English,"Sports,Animation,Documentary,Sci-Fi,Family",309,"00s,00s"
542,LONNIE TIRADO,LONNIE.TIRADO@sakilacustomer.org,185,0.00,English,"Sports,Animation,Documentary,Sci-Fi,Family",396,"00s,00s"
543,LANCE PEMBERTON,LANCE.PEMBERTON@sakilacustomer.org,185,0.00,English,"Action,Sports,Drama,Animation,Family",68,"00s,00s"
544,CODY NOLEN,CODY.NOLEN@sakilacustomer.org,185,0.00,English,"Sports,Animation,Documentary,Sci-Fi,Family",485,"00s,00s"
545,JULIO NOLAND,JULIO.NOLAND@sakilacustomer.org,185,0.00,English,"Sports,Animation,Documentary,Sci-Fi,Family",275,"00s,00s"
546,KELLY KNOTT,KELLY.KNOTT@sakilacustomer.org,185,0.00,English,"Action,Sports,Drama,Animation,Family",462,"00s,00s"
547,KURT EMMONS,KURT.EMMONS@sakilacustomer.org,185,0.00,English,"Action,Sports,Drama,Animation,Family",260,"00s,00s"
548,ALLAN CORNISH,ALLAN.CORNISH@sakilacustomer.org,185,0.00,English,"Action,Sports,Drama,Animation,Family",528,"00s,00s"
549,NELSON CHRISTENSON,NELSON.CHRISTENSON@sakilacustomer.org,185,0.00,English,"Action,Sports,Drama,Animation,Family",459,"00s,00s"
550,GUY BROWNLEE,GUY.BROWNLEE@sakilacustomer.org,185,0.00,English,"Sports,Animation,Documentary,Sci-Fi,Family",599,"00s,00s"
551,CLAYTON BARBEE,CLAYTON.BARBEE@sakilacustomer.org,185,0.00,English,"Sports,Animation,Documentary,Sci-Fi,Family",21,"00s,00s"
552,HUGH WALDROP,HUGH.WALDROP@sakilacustomer.org,185,0.00,English,"Sports,Animation,Documentary,Sci-Fi,Family",193,00s
553,MAX PITT,MAX.PITT@sakilacustomer.org,185,0.00,English,"Action,Sports,Drama,Animation,Family",368,00s
554,DWAYNE OLVERA,DWAYNE.OLVERA@sakilacustomer.org,185,0.00,English,"Action,Sports,Drama,Animation,Family",426,"00s,00s"
556,ARMANDO GRUBER,ARMANDO.GRUBER@sakilacustomer.org,185,0.00,English,"Sports,Animation,Documentary,Sci-Fi,Family",496,"00s,00s"
557,FELIX GAFFNEY,FELIX.GAFFNEY@sakilacustomer.org,185,0.00,"English,French","Action,Sports,Drama,Animation,Family",570,"00s,00s"
560,JORDAN ARCHULETA,JORDAN.ARCHULETA@sakilacustomer.org,185,0.00,English,"Action,Sports,Drama,Animation,Family",43,"00s,00s"
561,IAN STILL,IAN.STILL@sakilacustomer.org,185,0.00,English,"Sports,Animation,Documentary,Sci-Fi,Family",178,"00s,00s"
562,WALLACE SLONE,WALLACE.SLONE@sakilacustomer.org,185,0.00,English,"Action,Sports,Drama,Animation,Family",488,"00s,00s"
563,KEN PREWITT,KEN.PREWITT@sakilacustomer.org,185,0.00,English,"Sports,Animation,Documentary,Sci-Fi,Family",95,"00s,00s"
564,BOB PFEIFFER,BOB.PFEIFFER@sakilacustomer.org,185,0.00,English,"Sports,Animation,Documentary,Sci-Fi,Family",580,"00s,00s"
565,JAIME NETTLES,JAIME.NETTLES@sakilacustomer.org,185,0.00,English,"Sports,Animation,Documentary,Sci-Fi,Family",214,"00s,00s"
566,CASEY MENA,CASEY.MENA@sakilacustomer.org,185,0.00,English,"Action,Sports,Drama,Animation,Family",538,"00s,00s"
568,ALBERTO HENNING,ALBERTO.HENNING@sakilacustomer.org,185,0.00,English,"Sports,Animation,Documentary,Sci-Fi,Family",55,00s
569,DAVE GARDINER,DAVE.GARDINER@sakilacustomer.org,185,0.00,English,"Sports,Animation,Documentary,Sci-Fi,Family",299,"00s,00s"
570,IVAN CROMWELL,IVAN.CROMWELL@sakilacustomer.org,185,0.00,English,"Sports,Animation,Documentary,Sci-Fi,Family",341,"00s,00s"
571,JOHNNIE CHISHOLM,JOHNNIE.CHISHOLM@sakilacustomer.org,185,0.00,English,"Sports,Animation,Documentary,Sci-Fi,Family",409,"00s,00s"
572,SIDNEY BURLESON,SIDNEY.BURLESON@sakilacustomer.org,185,0.00,English,"Action,Sports,Drama,Animation,Family",133,00s
573,BYRON BOX,BYRON.BOX@sakilacustomer.org,185,0.00,English,"Action,Sports,Drama,Animation,Family",598,"00s,00s"
574,JULIAN VEST,JULIAN.VEST@sakilacustomer.org,185,0.00,English,"Sports,Animation,Documentary,Sci-Fi,Family",10,"00s,00s"
575,ISAAC OGLESBY,ISAAC.OGLESBY@sakilacustomer.org,185,0.00,English,"Sports,Animation,Documentary,Sci-Fi,Family",131,"00s,00s"
576,MORRIS MCCARTER,MORRIS.MCCARTER@sakilacustomer.org,185,0.00,English,"Sports,Animation,Documentary,Sci-Fi,Family",168,"00s,00s"
577,CLIFTON MALCOLM,CLIFTON.MALCOLM@sakilacustomer.org,185,0.00,English,"Sports,Animation,Documentary,Sci-Fi,Family",526,00s
578,WILLARD LUMPKIN,WILLARD.LUMPKIN@sakilacustomer.org,185,0.00,English,"Sports,Animation,Documentary,Sci-Fi,Family",103,00s
580,ROSS GREY,ROSS.GREY@sakilacustomer.org,185,0.00,English,"Action,Sports,Drama,Animation,Family",219,"00s,00s"
581,VIRGIL WOFFORD,VIRGIL.WOFFORD@sakilacustomer.org,185,0.00,English,"Action,Sports,Drama,Animation,Family",246,"00s,00s"
582,ANDY VANHORN,ANDY.VANHORN@sakilacustomer.org,185,0.00,English,"Sports,Animation,Documentary,Sci-Fi,Family",212,"00s,00s"
583,MARSHALL THORN,MARSHALL.THORN@sakilacustomer.org,185,49.900000000000006,English,"Action,Sports,Drama,Animation,Family",494,00s
584,SALVADOR TEEL,SALVADOR.TEEL@sakilacustomer.org,185,129.69999999999996,English,"Sports,Animation,Documentary,Sci-Fi,Family",54,"00s,00s"
585,PERRY SWAFFORD,PERRY.SWAFFORD@sakilacustomer.org,185,117.75999999999999,English,"Action,Sports,Drama,Animation,Family",424,"00s,00s"
586,KIRK STCLAIR,KIRK.STCLAIR@sakilacustomer.org,185,64.81000000000002,English,"Action,Sports,Drama,Animation,Family",546,"00s,00s"
587,SERGIO STANFIELD,SERGIO.STANFIELD@sakilacustomer.org,185,108.73999999999998,English,"Action,Sports,Drama,Animation,Family",106,"00s,00s"
588,MARION OCAMPO,MARION.OCAMPO@sakilacustomer.org,185,115.70999999999998,English,"Action,Sports,Drama,Animation,Family",574,"00s,00s"
589,TRACY HERRMANN,TRACY.HERRMANN@sakilacustomer.org,185,129.71999999999997,English,"Action,Sports,Drama,Animation,Family",311,"00s,00s"
590,SETH HANNON,SETH.HANNON@sakilacustomer.org,185,112.74999999999999,English,"Sports,Animation,Documentary,Sci-Fi,Family",14,"00s,00s"
591,KENT ARSENAULT,KENT.ARSENAULT@sakilacustomer.org,185,134.73,English,"Action,Sports,Drama,Animation,Family",248,00s
592,TERRANCE ROUSH,TERRANCE.ROUSH@sakilacustomer.org,185,111.71,English,"Action,Sports,Drama,Animation,Family",512,"00s,00s"
593,RENE MCALISTER,RENE.MCALISTER@sakilacustomer.org,185,113.73999999999998,English,"Sports,Animation,Documentary,Sci-Fi,Family",177,"00s,00s"
594,EDUARDO HIATT,EDUARDO.HIATT@sakilacustomer.org,185,130.73,English,"Action,Sports,Drama,Animation,Family",241,"00s,00s"
595,TERRENCE GUNDERSON,TERRENCE.GUNDERSON@sakilacustomer.org,185,117.69999999999999,English,"Action,Sports,Drama,Animation,Family",242,"00s,00s"
596,ENRIQUE FORSYTHE,ENRIQUE.FORSYTHE@sakilacustomer.org,185,96.72,English,"Action,Sports,Drama,Animation,Family",401,"00s,00s"
597,FREDDIE DUGGAN,FREDDIE.DUGGAN@sakilacustomer.org,185,99.75,English,"Action,Sports,Drama,Animation,Family",503,"00s,00s"
599,AUSTIN CINTRON,AUSTIN.CINTRON@sakilacustomer.org,185,83.81,English,"Sports,Animation,Documentary,Sci-Fi,Family",537,00s
